{
    "train": {
        "loss": 0.12699419353157282,
        "acc": 0.9552198648452759
    },
    "validation": {
        "loss": 0.012811574178773004,
        "acc": 0.599004424778761
    }
}